<?xml version="1.0" encoding="UTF-8"?>
<NeweggEnvelope xmlns:xsi="_http://www.w3.org/2001/XMLSchema-instance">
	<Header>
		<DocumentVersion>1.0</DocumentVersion>
		<!--The identifier for the very of current feed; assigned by Newegg-->
	</Header>
	<MessageType>ProcessingReport</MessageType>
	<!--Fixed value-->
	<Message>
		<ProcessingReport>
			<OriginalMessageName>PRD_Testing_Only.xml</OriginalMessageName>
			<!--The value to identify processed message-->
			<OriginalMessageType>BatchItemCreation</OriginalMessageType>
			<!--The value to identify processed message type-->
			<ProcessedStamp>2010-12-17T09:30:47.0Z</ProcessedStamp>
			<!--the time stamp for processed message. Time format: 8/12/2010  9:32:33 PM-->
			<StatusCode>ProcessReport</StatusCode>
			<!--Available value to identify message processing status-->
			<ProcessingSummary>
				<ProcessedCount>1</ProcessedCount>
				<SuccessCount>0</SuccessCount>
				<WithErrorCount>1</WithErrorCount>
			</ProcessingSummary>
			<Result>
				<AdditionalInfo>
					<SubCategoryID>1490</SubCategoryID>
					<SellerPartNumber>Production_Testing_Only_1</SellerPartNumber>
					<ManufacturerPartNumberOrISBN>Production_Testing_O</ManufacturerPartNumberOrISBN>
					<UPC />
				</AdditionalInfo>
				<ErrorList>
					<ErrorDescription><![CDATA[Error(s). Item not created.]]></ErrorDescription>
					<ErrorDescription><![CDATA[ManufacturerPartNumber - Invalid Length:Manufacturer Part # / ISBN]]></ErrorDescription>
					<ErrorDescription><![CDATA[Handbags_Size - Property Value Error.]]></ErrorDescription>
				</ErrorList>
			</Result>
		</ProcessingReport>
	</Message>
</NeweggEnvelope>