<?xml version="1.0" encoding="utf-8"?>
<NeweggEnvelope xsi:noNamespaceSchemaLocation="Itemfeed.xsd" xmlns:xsi="http://www.w3.org/2001/XMLSchema-instance">
	<Header>
		<DocumentVersion>1.0</DocumentVersion>
		<!--The identifier for the very of current feed; assigned by Newegg-->
	</Header>
	<MessageType>BatchItemCreation</MessageType>
	<!--Fixed value-->
	<Message>
		<Itemfeed>
			<SummaryInfo>
				<SubCategoryID>1704</SubCategoryID>
				<!--Indentify the category specification. This example is based on category: Ski, category ID: 1704, under Sports Goods-->
			</SummaryInfo>
			<Item>
				<Action>Create Item</Action>
				<!--Specify the action you would like to perform. -->
				<BasicInfo>
					<SellerPartNumber>a006-test-008</SellerPartNumber>
					<!--A seller-defined unique identifier for an item. An alphanumeric string, max 40 characters including space-->
					<Manufacturer>Newegg</Manufacturer>
					<!--The manufacturer name for the item. This value must be entered into our database before the data feed is uploaded.  You can check the list of live manufacturers at http://www.newegg.com/ProductSort/BrandList.aspx?Depa=0&name=All-Brands. Send new manufacturer names to datafeeds@newegg.com.-->
					<ManufacturerPartsNumber>manu-008</ManufacturerPartsNumber>
					<!--Manufacturer defined unique identifier for an item. -->
					<UPCOrISBN />
					<WebsiteShortTitle>This is A Test Item</WebsiteShortTitle>
					<!--The short, easily identifiable item name for this item. It will be used as the main name for your product on all store pages, Sales Orders and receipts, so should not contain variables. Maximum characters: 200. -->
					<ProductDescription>This is a testing item with full description. Please use your own description</ProductDescription>
					<!--The detailed description to be featured on the item page. This description should state the features and functions of the product. Should be the same for all items in product family. 4000 character limit. -->
					<ItemDimension>
						<ItemLength>2</ItemLength>
						<!--Individual unit shipping length in inches-->
						<ItemWidth>2</ItemWidth>
						<!--Individual unit shipping width in inches-->
						<ItemHeight>2</ItemHeight>
						<!--Individual unit shipping height in inches-->
					</ItemDimension>
					<ItemWeight>2</ItemWeight>
					<PacksOrSets>1</PacksOrSets>
					<!--The PacksOrSets Identify the package count of this product-->
					<ItemCondition>New</ItemCondition>
					<!--Individual unit shipping height in inches-->
					<ShippingRestriction>No</ShippingRestriction>
					<!--Available value to identify the package of product-->
					<SellingPrice>9.99</SellingPrice>
					<!--The selling price of item. -->
					<MAP>5.00</MAP>
					<!--The MAP of item. -->
					<CheckoutMAP>False</CheckoutMAP>
					<!--The CheckoutMAP must be True or False -->
					<Shipping>Default</Shipping>
					<!--The shipping charge setting for this item. -->
					<Inventory>99</Inventory>
					<!--The inventory quantity available for sale for this item. -->
					<ActivationMark>True</ActivationMark>
					<!--The ActivationMark's default setting is True on all uploaded products because all products must be activated to be visible on Newegg websites. -->
					<ItemImages>
						<Image>
							<ImageUrl>http://images10.newegg.com/NeweggImage/productimage/01Z-000T-00003_129483336082338150cYJDLNdvGG.jpg</ImageUrl>
							<!--Enter the URL for this item's product images.  All URLs must be a direct link to the actual image. -->
						</Image>
						<Image>
							<ImageUrl>http://images10.newegg.com/NeweggImage/productimage/A03E_36700_12946503340953125075nHryWIHD.jpg</ImageUrl>
							<IsPrimary>1</IsPrimary>
							<!--Used to identify if the image is the default image. -->
						</Image>
					</ItemImages>
					<ConditionDetails />
					<UsedItemImages>
						<Image>
							<ImageUrl />
							<IsPrimary />
						</Image>
					</UsedItemImages>
				</BasicInfo>
				<SubCategoryProperty>
					<!--Section containing category-specific information such as properties. Please refer to the attached XSDs to complete the ProductData section -->
					<Skis>
						<SkisBrand>YourBrand</SkisBrand>
						<SkisModel>YourModel</SkisModel>
						<SkisSize>88 cm</SkisSize>
						<SkisType>Alpine</SkisType>
						<SkisColor>Black</SkisColor>
						<!--The color value for a item. This value must be entered into our database before the data feed is uploaded. Send new manufacturer names to datafeeds@newegg.com.-->
						<SkisColorMapping>Black</SkisColorMapping>
						<SkisAge>Adult</SkisAge>
						<SkisGender>Male</SkisGender>
					</Skis>
				</SubCategoryProperty>
			</Item>
			<Item>
				<Action>Update Item</Action>
				<!--Specify the action you would like to perform. -->
				<BasicInfo>
					<SellerPartNumber>a006-test-009</SellerPartNumber>
					<!--A seller-defined unique identifier for an item. An alphanumeric string, max 40 characters including space-->
					<Manufacturer>Newegg</Manufacturer>
					<!--The manufacturer name for the item. This value must be entered into our database before the data feed is uploaded.  You can check the list of live manufacturers at http://www.newegg.com/ProductSort/BrandList.aspx?Depa=0&name=All-Brands. Send new manufacturer names to datafeeds@newegg.com.-->
					<ManufacturerPartsNumber>manu-008</ManufacturerPartsNumber>
					<!--Manufacturer defined unique identifier for an item. -->
					<UPCOrISBN />
					<WebsiteShortTitle>This is A Test Item</WebsiteShortTitle>
					<!--The short, easily identifiable item name for this item. It will be used as the main name for your product on all store pages, Sales Orders and receipts, so should not contain variables. Maximum characters: 200. -->
					<ProductDescription>This is a testing item with full description. Please use your own description</ProductDescription>
					<!--The detailed description to be featured on the item page. This description should state the features and functions of the product. Should be the same for all items in product family. 4000 character limit. -->
					<ItemDimension>
						<ItemLength>2</ItemLength>
						<!--Individual unit shipping length in inches-->
						<ItemWidth>2</ItemWidth>
						<!--Individual unit shipping width in inches-->
						<ItemHeight>2</ItemHeight>
						<!--Individual unit shipping height in inches-->
					</ItemDimension>
					<ItemWeight>2</ItemWeight>
					<!--Individual unit shipping Weight in inches-->
					<PacksOrSets>1</PacksOrSets>
					<!--The PacksOrSets Identify the package count of this product-->
					<ItemCondition>New</ItemCondition>
					<!--Individual unit shipping height in inches-->
					<ShippingRestriction>No</ShippingRestriction>
					<!--Available value to identify the package of product-->
					<SellingPrice>9.99</SellingPrice>
					<!--The selling price of item. -->
					<MAP>5.00</MAP>
					<!--The MAP of item. -->
					<CheckoutMAP>False</CheckoutMAP>
					<!--The CheckoutMAP must be True or False -->
					<Shipping>Default</Shipping>
					<!--The shipping charge setting for this item. -->
					<Inventory>99</Inventory>
					<!--The inventory quantity available for sale for this item. -->
					<ActivationMark>True</ActivationMark>
					<!--The ActivationMark's default setting is True on all uploaded products because all products must be activated to be visible on Newegg websites. -->
					<ItemImages>
						<Image>
							<ImageUrl>http://images10.newegg.com/NeweggImage/productimage/01Z-000T-00003_129483336082338150cYJDLNdvGG.jpg</ImageUrl>
							<!--Enter the URL for this item's product images.  All URLs must be a direct link to the actual image. -->
						</Image>
						<Image>
							<ImageUrl>http://images10.newegg.com/NeweggImage/productimage/A03E_36700_12946503340953125075nHryWIHD.jpg</ImageUrl>
							<IsPrimary>1</IsPrimary>
							<!--Used to identify if the image is the default image. -->
						</Image>
					</ItemImages>
					<ConditionDetails />
					<UsedItemImages>
						<Image>
							<ImageUrl />
							<IsPrimary />
						</Image>
					</UsedItemImages>
				</BasicInfo>
				<SubCategoryProperty>
					<!--Section containing category-specific information such as properties. Please refer to the attached XSDs to complete the ProductData section -->
					<Skis>
						<SkisBrand>YourBrand</SkisBrand>
						<SkisModel>YourModel</SkisModel>
						<SkisSize>88 cm</SkisSize>
						<SkisType>Alpine</SkisType>
						<SkisColor>Black</SkisColor>
						<!--The color value for a item. This value must be entered into our database before the data feed is uploaded. Send new manufacturer names to datafeeds@newegg.com.-->
						<SkisColorMapping>Black</SkisColorMapping>
						<SkisAge>Adult</SkisAge>
						<SkisGender>Male</SkisGender>
					</Skis>
				</SubCategoryProperty>
			</Item>
		</Itemfeed>
		<Itemfeed>
			<SummaryInfo>
				<SubCategoryID>1711</SubCategoryID>
				<!--Indentify the category specification. This example is based on category: Snow Play, category ID: 1711, under Sports Goods-->
			</SummaryInfo>
			<Item>
				<Action>Replace Image</Action>
				<!--Specify the action you would like to perform. -->
				<BasicInfo>
					<SellerPartNumber>a006-test-010</SellerPartNumber>
					<!--A seller-defined unique identifier for an item. An alphanumeric string, max 40 characters including space-->
					<Manufacturer>Newegg</Manufacturer>
					<!--The manufacturer name for the item. This value must be entered into our database before the data feed is uploaded.  You can check the list of live manufacturers at http://www.newegg.com/ProductSort/BrandList.aspx?Depa=0&name=All-Brands. Send new manufacturer names to datafeeds@newegg.com.-->
					<ManufacturerPartsNumber>manu-010</ManufacturerPartsNumber>
					<!--Manufacturer defined unique identifier for an item. -->
					<UPCOrISBN />
					<WebsiteShortTitle>This is A Test Item</WebsiteShortTitle>
					<!--The short, easily identifiable item name for this item. It will be used as the main name for your product on all store pages, Sales Orders and receipts, so should not contain variables. Maximum characters: 200. -->
					<ProductDescription>This is a testing item with full description. Please use your own description</ProductDescription>
					<!--The detailed description to be featured on the item page. This description should state the features and functions of the product. Should be the same for all items in product family. 4000 character limit. -->
					<ItemDimension>
						<ItemLength>2</ItemLength>
						<!--Individual unit shipping length in inches-->
						<ItemWidth>2</ItemWidth>
						<!--Individual unit shipping width in inches-->
						<ItemHeight>2</ItemHeight>
						<!--Individual unit shipping height in inches-->
					</ItemDimension>
					<ItemWeight>2</ItemWeight>
					<!--Individual unit shipping Weight in inches-->
					<PacksOrSets>1</PacksOrSets>
					<!--The PacksOrSets Identify the package count of this product-->
					<ShippingRestriction>No</ShippingRestriction>
					<!--Available value to identify the package of product-->
					<SellingPrice>9.99</SellingPrice>
					<!--The selling price of item. -->
					<MAP>5.00</MAP>
					<!--The MAP of item. -->
					<CheckoutMAP>False</CheckoutMAP>
					<!--The CheckoutMAP must be True or False -->
					<Shipping>Default</Shipping>
					<!--The shipping charge setting for this item. -->
					<Inventory>99</Inventory>
					<!--The inventory quantity available for sale for this item. -->
					<ActivationMark>True</ActivationMark>
					<!--The ActivationMark's default setting is True on all uploaded products because all products must be activated to be visible on Newegg websites. -->
					<ItemImages>
						<Image>
							<ImageUrl>http://images10.newegg.com/NeweggImage/productimage/01Z-000T-00003_129483336082338150cYJDLNdvGG.jpg</ImageUrl>
							<!--Enter the URL for this item's product images.  All URLs must be a direct link to the actual image. -->
						</Image>
						<Image>
							<ImageUrl>http://images10.newegg.com/NeweggImage/productimage/A03E_36700_12946503340953125075nHryWIHD.jpg</ImageUrl>
							<IsPrimary>1</IsPrimary>
							<!--Used to identify if the image is the default image. -->
						</Image>
					</ItemImages>
					<ConditionDetails />
					<UsedItemImages>
						<Image>
							<ImageUrl />
							<IsPrimary />
						</Image>
					</UsedItemImages>
				</BasicInfo>
				<SubCategoryProperty>
					<!--Section containing category-specific information such as properties. Reference the attached XSDs to complete the ProductData section -->
					<SnowPlay>
						<SnowPlayBrand>YourBrand</SnowPlayBrand>
						<SnowPlayModel>YourModel</SnowPlayModel>
						<SnowPlaySize>Small</SnowPlaySize>
						<SnowPlayType>Skis</SnowPlayType>
						<SnowPlayColor>Black</SnowPlayColor>
						<!--The color value for a item. This value must be entered into our database before the data feed is uploaded. Send new manufacturer names to datafeeds@newegg.com.-->
						<SnowPlayColorMapping>Black</SnowPlayColorMapping>
						<SnowPlayAge>Adult</SnowPlayAge>
						<SnowPlayGender>Male</SnowPlayGender>
					</SnowPlay>
				</SubCategoryProperty>
			</Item>
		</Itemfeed>
	</Message>
</NeweggEnvelope>